date,region,unit_name,power_pct,down_raw,reason_comment,change_raw,scrams_raw,source_url
2007-12-17,1,Beaver Valley 1,100.0,,,,,https://www.nrc.gov/documents-reports/document-collections/events-reports-associated-with/power-reactor-status-reports/2007/20071217ps
2007-12-17,1,Beaver Valley 2,100.0,,,,,https://www.nrc.gov/documents-reports/document-collections/events-reports-associated-with/power-reactor-status-reports/2007/20071217ps
2007-12-17,1,Calvert Cliffs 1,100.0,,,,,https://www.nrc.gov/documents-reports/document-collections/events-reports-associated-with/power-reactor-status-reports/2007/20071217ps
2007-12-17,1,Calvert Cliffs 2,100.0,,,,,https://www.nrc.gov/documents-reports/document-collections/events-reports-associated-with/power-reactor-status-reports/2007/20071217ps
2007-12-17,1,FitzPatrick,100.0,,,,,https://www.nrc.gov/documents-reports/document-collections/events-reports-associated-with/power-reactor-status-reports/2007/20071217ps
2007-12-17,1,Ginna,100.0,,,,,https://www.nrc.gov/documents-reports/document-collections/events-reports-associated-with/power-reactor-status-reports/2007/20071217ps
2007-12-17,1,Hope Creek 1,100.0,,,,,https://www.nrc.gov/documents-reports/document-collections/events-reports-associated-with/power-reactor-status-reports/2007/20071217ps
2007-12-17,1,Indian Point 2,100.0,,,,,https://www.nrc.gov/documents-reports/document-collections/events-reports-associated-with/power-reactor-status-reports/2007/20071217ps
2007-12-17,1,Indian Point 3,100.0,,,,,https://www.nrc.gov/documents-reports/document-collections/events-reports-associated-with/power-reactor-status-reports/2007/20071217ps
2007-12-17,1,Limerick 1,100.0,,,,,https://www.nrc.gov/documents-reports/document-collections/events-reports-associated-with/power-reactor-status-reports/2007/20071217ps
2007-12-17,1,Limerick 2,100.0,,,,,https://www.nrc.gov/documents-reports/document-collections/events-reports-associated-with/power-reactor-status-reports/2007/20071217ps
2007-12-17,1,Millstone 2,58.0,,HOLDING POWER WHILE TROUBLESHOOTING INTAKE ISSUES,*,,https://www.nrc.gov/documents-reports/document-collections/events-reports-associated-with/power-reactor-status-reports/2007/20071217ps
2007-12-17,1,Millstone 3,100.0,,,*,,https://www.nrc.gov/documents-reports/document-collections/events-reports-associated-with/power-reactor-status-reports/2007/20071217ps
2007-12-17,1,Nine Mile Point 1,100.0,,,,,https://www.nrc.gov/documents-reports/document-collections/events-reports-associated-with/power-reactor-status-reports/2007/20071217ps
2007-12-17,1,Nine Mile Point 2,100.0,,,,,https://www.nrc.gov/documents-reports/document-collections/events-reports-associated-with/power-reactor-status-reports/2007/20071217ps
2007-12-17,1,Oyster Creek,100.0,,"4 RECIRC LOOP OPERATION, 'C' RECIRC PUMP SEAL FAILURE",*,,https://www.nrc.gov/documents-reports/document-collections/events-reports-associated-with/power-reactor-status-reports/2007/20071217ps
2007-12-17,1,Peach Bottom 2,100.0,,TRANSFORMER #1 OFFSITE SOURCE IS OOS (2 OF 3 REMAIN),,,https://www.nrc.gov/documents-reports/document-collections/events-reports-associated-with/power-reactor-status-reports/2007/20071217ps
2007-12-17,1,Peach Bottom 3,100.0,,TRANSFORMER #1 OFFSITE SOURCE IS OOS (2 OF 3 REMAIN).  TROUBLESHOOTING CONDENSER AIR LEAK WITH THE POTENTIAL FOR A DOWNPOWER.,*,,https://www.nrc.gov/documents-reports/document-collections/events-reports-associated-with/power-reactor-status-reports/2007/20071217ps
2007-12-17,1,Pilgrim 1,100.0,,,,,https://www.nrc.gov/documents-reports/document-collections/events-reports-associated-with/power-reactor-status-reports/2007/20071217ps
2007-12-17,1,Salem 1,100.0,,,,,https://www.nrc.gov/documents-reports/document-collections/events-reports-associated-with/power-reactor-status-reports/2007/20071217ps
2007-12-17,1,Salem 2,100.0,,,*,,https://www.nrc.gov/documents-reports/document-collections/events-reports-associated-with/power-reactor-status-reports/2007/20071217ps
2007-12-17,1,Seabrook 1,100.0,,POWER REDUCTION THREAT DUE TO GRID WORK IN NEW YORK UNTIL JANUARY,,,https://www.nrc.gov/documents-reports/document-collections/events-reports-associated-with/power-reactor-status-reports/2007/20071217ps
2007-12-17,1,Susquehanna 1,100.0,,,,,https://www.nrc.gov/documents-reports/document-collections/events-reports-associated-with/power-reactor-status-reports/2007/20071217ps
2007-12-17,1,Susquehanna 2,100.0,,VOLTAGE REGULATOR IN MANUAL,,,https://www.nrc.gov/documents-reports/document-collections/events-reports-associated-with/power-reactor-status-reports/2007/20071217ps
2007-12-17,1,Three Mile Island 1,100.0,,,,,https://www.nrc.gov/documents-reports/document-collections/events-reports-associated-with/power-reactor-status-reports/2007/20071217ps
2007-12-17,1,Vermont Yankee,100.0,,,,,https://www.nrc.gov/documents-reports/document-collections/events-reports-associated-with/power-reactor-status-reports/2007/20071217ps
2007-12-17,2,Browns Ferry 1,100.0,,,,,https://www.nrc.gov/documents-reports/document-collections/events-reports-associated-with/power-reactor-status-reports/2007/20071217ps
2007-12-17,2,Browns Ferry 2,100.0,,,,,https://www.nrc.gov/documents-reports/document-collections/events-reports-associated-with/power-reactor-status-reports/2007/20071217ps
2007-12-17,2,Browns Ferry 3,100.0,,,,,https://www.nrc.gov/documents-reports/document-collections/events-reports-associated-with/power-reactor-status-reports/2007/20071217ps
2007-12-17,2,Brunswick 1,100.0,,,,,https://www.nrc.gov/documents-reports/document-collections/events-reports-associated-with/power-reactor-status-reports/2007/20071217ps
2007-12-17,2,Brunswick 2,100.0,,,,,https://www.nrc.gov/documents-reports/document-collections/events-reports-associated-with/power-reactor-status-reports/2007/20071217ps
2007-12-17,2,Catawba 1,100.0,,,,,https://www.nrc.gov/documents-reports/document-collections/events-reports-associated-with/power-reactor-status-reports/2007/20071217ps
2007-12-17,2,Catawba 2,100.0,,,,,https://www.nrc.gov/documents-reports/document-collections/events-reports-associated-with/power-reactor-status-reports/2007/20071217ps
2007-12-17,2,Crystal River 3,100.0,,,*,,https://www.nrc.gov/documents-reports/document-collections/events-reports-associated-with/power-reactor-status-reports/2007/20071217ps
2007-12-17,2,Farley 1,100.0,,,,,https://www.nrc.gov/documents-reports/document-collections/events-reports-associated-with/power-reactor-status-reports/2007/20071217ps
2007-12-17,2,Farley 2,100.0,,,,,https://www.nrc.gov/documents-reports/document-collections/events-reports-associated-with/power-reactor-status-reports/2007/20071217ps
2007-12-17,2,Harris 1,100.0,,,,,https://www.nrc.gov/documents-reports/document-collections/events-reports-associated-with/power-reactor-status-reports/2007/20071217ps
2007-12-17,2,Hatch 1,100.0,,,,,https://www.nrc.gov/documents-reports/document-collections/events-reports-associated-with/power-reactor-status-reports/2007/20071217ps
2007-12-17,2,Hatch 2,98.0,,INCREASING POWER FOLLOWING ROD PATTERN ADJUSTMENT,*,,https://www.nrc.gov/documents-reports/document-collections/events-reports-associated-with/power-reactor-status-reports/2007/20071217ps
2007-12-17,2,McGuire 1,100.0,,,,,https://www.nrc.gov/documents-reports/document-collections/events-reports-associated-with/power-reactor-status-reports/2007/20071217ps
2007-12-17,2,McGuire 2,100.0,,,,,https://www.nrc.gov/documents-reports/document-collections/events-reports-associated-with/power-reactor-status-reports/2007/20071217ps
2007-12-17,2,North Anna 1,100.0,,,,,https://www.nrc.gov/documents-reports/document-collections/events-reports-associated-with/power-reactor-status-reports/2007/20071217ps
2007-12-17,2,North Anna 2,100.0,,,,,https://www.nrc.gov/documents-reports/document-collections/events-reports-associated-with/power-reactor-status-reports/2007/20071217ps
2007-12-17,2,Oconee 1,100.0,,,,,https://www.nrc.gov/documents-reports/document-collections/events-reports-associated-with/power-reactor-status-reports/2007/20071217ps
2007-12-17,2,Oconee 2,100.0,,,,,https://www.nrc.gov/documents-reports/document-collections/events-reports-associated-with/power-reactor-status-reports/2007/20071217ps
2007-12-17,2,Oconee 3,0.0,2007-10-26,REFUELING OUTAGE,*,,https://www.nrc.gov/documents-reports/document-collections/events-reports-associated-with/power-reactor-status-reports/2007/20071217ps
2007-12-17,2,Robinson 2,100.0,,,,,https://www.nrc.gov/documents-reports/document-collections/events-reports-associated-with/power-reactor-status-reports/2007/20071217ps
2007-12-17,2,Saint Lucie 1,100.0,,,,,https://www.nrc.gov/documents-reports/document-collections/events-reports-associated-with/power-reactor-status-reports/2007/20071217ps
2007-12-17,2,Saint Lucie 2,0.0,2007-09-30,REFUELING OUTAGE,*,,https://www.nrc.gov/documents-reports/document-collections/events-reports-associated-with/power-reactor-status-reports/2007/20071217ps
2007-12-17,2,Sequoyah 1,100.0,,,,,https://www.nrc.gov/documents-reports/document-collections/events-reports-associated-with/power-reactor-status-reports/2007/20071217ps
2007-12-17,2,Sequoyah 2,100.0,,,,,https://www.nrc.gov/documents-reports/document-collections/events-reports-associated-with/power-reactor-status-reports/2007/20071217ps
2007-12-17,2,Summer,100.0,,,,,https://www.nrc.gov/documents-reports/document-collections/events-reports-associated-with/power-reactor-status-reports/2007/20071217ps
2007-12-17,2,Surry 1,100.0,,,,,https://www.nrc.gov/documents-reports/document-collections/events-reports-associated-with/power-reactor-status-reports/2007/20071217ps
2007-12-17,2,Surry 2,100.0,,,,,https://www.nrc.gov/documents-reports/document-collections/events-reports-associated-with/power-reactor-status-reports/2007/20071217ps
2007-12-17,2,Turkey Point 3,100.0,,,,,https://www.nrc.gov/documents-reports/document-collections/events-reports-associated-with/power-reactor-status-reports/2007/20071217ps
2007-12-17,2,Turkey Point 4,100.0,,,,,https://www.nrc.gov/documents-reports/document-collections/events-reports-associated-with/power-reactor-status-reports/2007/20071217ps
2007-12-17,2,Vogtle 1,97.0,,100% ELECTRICAL CAPABILITY,,,https://www.nrc.gov/documents-reports/document-collections/events-reports-associated-with/power-reactor-status-reports/2007/20071217ps
2007-12-17,2,Vogtle 2,98.0,,100% ELECTRICAL CAPABILITY,,,https://www.nrc.gov/documents-reports/document-collections/events-reports-associated-with/power-reactor-status-reports/2007/20071217ps
2007-12-17,2,Watts Bar 1,100.0,,,,,https://www.nrc.gov/documents-reports/document-collections/events-reports-associated-with/power-reactor-status-reports/2007/20071217ps
2007-12-17,3,Braidwood 1,100.0,,,,,https://www.nrc.gov/documents-reports/document-collections/events-reports-associated-with/power-reactor-status-reports/2007/20071217ps
2007-12-17,3,Braidwood 2,100.0,,,,,https://www.nrc.gov/documents-reports/document-collections/events-reports-associated-with/power-reactor-status-reports/2007/20071217ps
2007-12-17,3,Byron 1,100.0,,,,,https://www.nrc.gov/documents-reports/document-collections/events-reports-associated-with/power-reactor-status-reports/2007/20071217ps
2007-12-17,3,Byron 2,100.0,,,,,https://www.nrc.gov/documents-reports/document-collections/events-reports-associated-with/power-reactor-status-reports/2007/20071217ps
2007-12-17,3,Clinton,93.0,,COASTDOWN TO REFUELING OUTAGE,*,,https://www.nrc.gov/documents-reports/document-collections/events-reports-associated-with/power-reactor-status-reports/2007/20071217ps
2007-12-17,3,D.C. Cook 1,100.0,,,,,https://www.nrc.gov/documents-reports/document-collections/events-reports-associated-with/power-reactor-status-reports/2007/20071217ps
2007-12-17,3,D.C. Cook 2,100.0,,,,,https://www.nrc.gov/documents-reports/document-collections/events-reports-associated-with/power-reactor-status-reports/2007/20071217ps
2007-12-17,3,Davis-Besse,100.0,,,*,,https://www.nrc.gov/documents-reports/document-collections/events-reports-associated-with/power-reactor-status-reports/2007/20071217ps
2007-12-17,3,Dresden 2,97.0,,100% ELECTRICAL CAPABILITY,,,https://www.nrc.gov/documents-reports/document-collections/events-reports-associated-with/power-reactor-status-reports/2007/20071217ps
2007-12-17,3,Dresden 3,99.0,,FEEDWATER HEATER ISSUE,,,https://www.nrc.gov/documents-reports/document-collections/events-reports-associated-with/power-reactor-status-reports/2007/20071217ps
2007-12-17,3,Duane Arnold,98.0,,100% ELECTRICAL CAPABILITY,*,,https://www.nrc.gov/documents-reports/document-collections/events-reports-associated-with/power-reactor-status-reports/2007/20071217ps
2007-12-17,3,Fermi 2,100.0,,,,,https://www.nrc.gov/documents-reports/document-collections/events-reports-associated-with/power-reactor-status-reports/2007/20071217ps
2007-12-17,3,Kewaunee,100.0,,,,,https://www.nrc.gov/documents-reports/document-collections/events-reports-associated-with/power-reactor-status-reports/2007/20071217ps
2007-12-17,3,La Salle 1,84.0,,COASTDOWN TO REFUELING OUTAGE,*,,https://www.nrc.gov/documents-reports/document-collections/events-reports-associated-with/power-reactor-status-reports/2007/20071217ps
2007-12-17,3,La Salle 2,100.0,,,,,https://www.nrc.gov/documents-reports/document-collections/events-reports-associated-with/power-reactor-status-reports/2007/20071217ps
2007-12-17,3,Monticello,98.0,,HOLDING TO TROUBLSHOOT SPDS ISSUE,*,,https://www.nrc.gov/documents-reports/document-collections/events-reports-associated-with/power-reactor-status-reports/2007/20071217ps
2007-12-17,3,Palisades,100.0,,SWITCHYARD BKR TEST ON 12/19,*,,https://www.nrc.gov/documents-reports/document-collections/events-reports-associated-with/power-reactor-status-reports/2007/20071217ps
2007-12-17,3,Perry 1,100.0,,,,,https://www.nrc.gov/documents-reports/document-collections/events-reports-associated-with/power-reactor-status-reports/2007/20071217ps
2007-12-17,3,Point Beach 1,100.0,,,,,https://www.nrc.gov/documents-reports/document-collections/events-reports-associated-with/power-reactor-status-reports/2007/20071217ps
2007-12-17,3,Point Beach 2,100.0,,,,,https://www.nrc.gov/documents-reports/document-collections/events-reports-associated-with/power-reactor-status-reports/2007/20071217ps
2007-12-17,3,Prairie Island 1,100.0,,,,,https://www.nrc.gov/documents-reports/document-collections/events-reports-associated-with/power-reactor-status-reports/2007/20071217ps
2007-12-17,3,Prairie Island 2,100.0,,,,,https://www.nrc.gov/documents-reports/document-collections/events-reports-associated-with/power-reactor-status-reports/2007/20071217ps
2007-12-17,3,Quad Cities 1,97.0,,100% ELECTRICAL CAPABILITY,,,https://www.nrc.gov/documents-reports/document-collections/events-reports-associated-with/power-reactor-status-reports/2007/20071217ps
2007-12-17,3,Quad Cities 2,96.0,,100% ELECTRICAL CAPABILITY,*,,https://www.nrc.gov/documents-reports/document-collections/events-reports-associated-with/power-reactor-status-reports/2007/20071217ps
2007-12-17,4,Arkansas Nuclear 1,100.0,,,,,https://www.nrc.gov/documents-reports/document-collections/events-reports-associated-with/power-reactor-status-reports/2007/20071217ps
2007-12-17,4,Arkansas Nuclear 2,100.0,,,,,https://www.nrc.gov/documents-reports/document-collections/events-reports-associated-with/power-reactor-status-reports/2007/20071217ps
2007-12-17,4,Callaway,100.0,,,,,https://www.nrc.gov/documents-reports/document-collections/events-reports-associated-with/power-reactor-status-reports/2007/20071217ps
2007-12-17,4,Columbia Generating Station,100.0,,,,,https://www.nrc.gov/documents-reports/document-collections/events-reports-associated-with/power-reactor-status-reports/2007/20071217ps
2007-12-17,4,Comanche Peak 1,100.0,,,,,https://www.nrc.gov/documents-reports/document-collections/events-reports-associated-with/power-reactor-status-reports/2007/20071217ps
2007-12-17,4,Comanche Peak 2,100.0,,,,,https://www.nrc.gov/documents-reports/document-collections/events-reports-associated-with/power-reactor-status-reports/2007/20071217ps
2007-12-17,4,Cooper,100.0,,,,,https://www.nrc.gov/documents-reports/document-collections/events-reports-associated-with/power-reactor-status-reports/2007/20071217ps
2007-12-17,4,Diablo Canyon 1,100.0,,,,,https://www.nrc.gov/documents-reports/document-collections/events-reports-associated-with/power-reactor-status-reports/2007/20071217ps
2007-12-17,4,Diablo Canyon 2,100.0,,,,,https://www.nrc.gov/documents-reports/document-collections/events-reports-associated-with/power-reactor-status-reports/2007/20071217ps
2007-12-17,4,Fort Calhoun,100.0,,,,,https://www.nrc.gov/documents-reports/document-collections/events-reports-associated-with/power-reactor-status-reports/2007/20071217ps
2007-12-17,4,Grand Gulf 1,97.0,,INCR PWR FROM ROD SEQUENCE EXCHANGE,*,,https://www.nrc.gov/documents-reports/document-collections/events-reports-associated-with/power-reactor-status-reports/2007/20071217ps
2007-12-17,4,Palo Verde 1,100.0,,,,,https://www.nrc.gov/documents-reports/document-collections/events-reports-associated-with/power-reactor-status-reports/2007/20071217ps
2007-12-17,4,Palo Verde 2,100.0,,,,,https://www.nrc.gov/documents-reports/document-collections/events-reports-associated-with/power-reactor-status-reports/2007/20071217ps
2007-12-17,4,Palo Verde 3,0.0,2007-09-29,LOADING FUEL,,,https://www.nrc.gov/documents-reports/document-collections/events-reports-associated-with/power-reactor-status-reports/2007/20071217ps
2007-12-17,4,River Bend 1,98.0,,,*,,https://www.nrc.gov/documents-reports/document-collections/events-reports-associated-with/power-reactor-status-reports/2007/20071217ps
2007-12-17,4,San Onofre 2,0.0,2007-11-26,DEFUELED.  WEST SECTION A 220KV LINE OOS (STILL HAVE 3 220KV LINES),,,https://www.nrc.gov/documents-reports/document-collections/events-reports-associated-with/power-reactor-status-reports/2007/20071217ps
2007-12-17,4,San Onofre 3,100.0,,WEST SECTION A 220KV LINE OOS (STILL HAVE 3 220KV LINES),,,https://www.nrc.gov/documents-reports/document-collections/events-reports-associated-with/power-reactor-status-reports/2007/20071217ps
2007-12-17,4,South Texas 1,100.0,,,,,https://www.nrc.gov/documents-reports/document-collections/events-reports-associated-with/power-reactor-status-reports/2007/20071217ps
2007-12-17,4,South Texas 2,100.0,,,,,https://www.nrc.gov/documents-reports/document-collections/events-reports-associated-with/power-reactor-status-reports/2007/20071217ps
2007-12-17,4,Waterford 3,100.0,,,,,https://www.nrc.gov/documents-reports/document-collections/events-reports-associated-with/power-reactor-status-reports/2007/20071217ps
2007-12-17,4,Wolf Creek 1,100.0,,,,,https://www.nrc.gov/documents-reports/document-collections/events-reports-associated-with/power-reactor-status-reports/2007/20071217ps
